{
    "resources": [
        {
            "name": "controller/ListEmployee.controller.js"
        },
        {
            "name": "controller/CreateEmployee.controller.js"
        },
        {
            "name": "manifest.json"
        },
        {
            "name": "model/models.js"
        },
        {
            "name": "model/formatter.js"
        },
        {
            "name": "controller/MasterEmployee.controller.js"
        },
        {
            "name": "controller/Main.controller.js"
        },
        {
            "name": "i18n/i18n.properties",
            "raw": "i18n/i18n.properties"
        },
        {
            "name": "controller/EmployeeDetails.controller.js"
        },
        {
            "name": "model/json/Layout.json"
        },
        {
            "name": "controller/App.controller.js"
        },
        {
            "name": "Component.js"
        },
        {
            "name": "manifest-bundle.zip"
        },
        {
            "name": "Component-preload.js",
            "merged": true
        },
        {
            "name": "controller/CreateEmployee-dbg.controller.js",
            "isDebug": true
        },
        {
            "name": "model/formatter-dbg.js",
            "isDebug": true
        },
        {
            "name": "controller/MasterEmployee-dbg.controller.js",
            "isDebug": true
        },
        {
            "name": "controller/Main-dbg.controller.js",
            "isDebug": true
        },
        {
            "name": "controller/ListEmployee-dbg.controller.js",
            "isDebug": true
        },
        {
            "name": "controller/EmployeeDetails-dbg.controller.js",
            "isDebug": true
        },
        {
            "name": "model/models-dbg.js",
            "isDebug": true
        },
        {
            "name": "controller/App-dbg.controller.js",
            "isDebug": true
        },
        {
            "name": "Component-dbg.js",
            "isDebug": true
        },
        {
            "name": "../../sap-ui-version.json"
        },
        {
            "name": "view/MasterEmployee.view.xml"
        },
        {
            "name": "view/Main.view.xml"
        },
        {
            "name": "view/ListEmployee.view.xml"
        },
        {
            "name": "view/EmployeeDetails.view.xml"
        },
        {
            "name": "view/CreateEmployee.view.xml"
        },
        {
            "name": "view/App.view.xml"
        },
        {
            "name": "fragment/wizardStep3.fragment.xml"
        },
        {
            "name": "fragment/wizardStep2.fragment.xml"
        },
        {
            "name": "fragment/wizardStep1.fragment.xml"
        },
        {
            "name": "fragment/wizardReview.fragment.xml"
        },
        {
            "name": "fragment/promoteDialog.fragment.xml"
        },
        {
            "name": "css/style.css"
        },
        {
            "name": "index.html"
        }
    ]
}