{
  "controller/ListEmployee.controller.js": 1629951467482,
  "controller/CreateEmployee.controller.js": 1629780247959,
  "manifest.json": 1630022697861,
  "model/models.js": 1627775530126,
  "model/formatter.js": 1629684488256,
  "controller/MasterEmployee.controller.js": 1629950843232,
  "controller/Main.controller.js": 1629603738687,
  "i18n/i18n.properties": 1630021466732,
  "controller/EmployeeDetails.controller.js": 1630021521216,
  "model/json/Layout.json": 1628627530403,
  "controller/App.controller.js": 1627848499796,
  "Component.js": 1629342788572,
  "manifest-bundle.zip": 1630022697275,
  "Component-preload.js": 1630022697749,
  "controller/CreateEmployee-dbg.controller.js": 1629780247959,
  "model/formatter-dbg.js": 1629684488256,
  "controller/MasterEmployee-dbg.controller.js": 1629950843232,
  "controller/Main-dbg.controller.js": 1629603738687,
  "controller/ListEmployee-dbg.controller.js": 1629951467482,
  "controller/EmployeeDetails-dbg.controller.js": 1630021521216,
  "model/models-dbg.js": 1627775530126,
  "controller/App-dbg.controller.js": 1627848499796,
  "Component-dbg.js": 1629342788572,
  "resources.json": 1630022697864,
  "view/MasterEmployee.view.xml": 1629950200180,
  "view/Main.view.xml": 1629603538618,
  "view/ListEmployee.view.xml": 1629948733666,
  "view/EmployeeDetails.view.xml": 1629606129812,
  "view/CreateEmployee.view.xml": 1629779072112,
  "view/App.view.xml": 1627848538473,
  "fragment/wizardStep3.fragment.xml": 1629779035196,
  "fragment/wizardStep2.fragment.xml": 1629778688550,
  "fragment/wizardStep1.fragment.xml": 1628143024521,
  "fragment/wizardReview.fragment.xml": 1629681102251,
  "fragment/promoteDialog.fragment.xml": 1630019725595,
  "css/style.css": 1630021059687,
  "index.html": 1628465158378
}